Date,Close,MarketCap
,NPN.JO,
2021-03-04,72182.484375,55350522538464.94
2021-03-05,71901.3359375,55134934046862.84
2021-03-08,70049.0078125,53714543345168.53
2021-03-09,71166.0390625,54571098282486.66
2021-03-10,71188.828125,54588573249280.31
2021-03-11,72638.609375,55700285466569.44
2021-03-12,68987.78125,52900780210321.125
2021-03-15,67987.9453125,52134092251704.28
2021-03-16,68389.265625,52441830191102.06
2021-03-17,67659.796875,51882463513194.19
2021-03-18,67912.1484375,52075970164686.09
2021-03-19,69060.375,52956446097001.5
2021-03-23,69945.0390625,53634818676642.66
2021-03-24,69417.7265625,53230468193713.41
2021-03-25,68866.9921875,52808157494655.47
2021-03-26,70528.9453125,54082566026028.28
2021-03-29,70918.671875,54381413718349.69
2021-03-30,70798.90625,54289575788645.625
2021-03-31,70623.125,54154784306692.5
2021-04-01,74368.3515625,57026675584115.91
2021-04-06,73379.09375,56268099077346.375
2021-04-07,69689.078125,53438544306721.31
2021-04-08,70056.2109375,53720066800562.34
2021-04-09,69709.0625,53453868600536.25
2021-04-12,68256.3046875,52339873914152.72
2021-04-13,70077.40625,53736319657919.625
2021-04-14,70911.875,54376201781047.5
2021-04-15,70848.8828125,54327898504648.03
2021-04-16,70988.8671875,54435240450142.97
2021-04-19,69537.2890625,53322150364371.66
2021-04-20,68268.703125,52349381206679.81
2021-04-21,67762.15625,51960954090818.625
2021-04-22,67944.1484375,52100508205134.09
2021-04-23,68432.6640625,52475108710313.16
2021-04-26,67257.84375,51574240324461.375
2021-04-28,67419.421875,51698140654672.69
2021-04-29,66516.5703125,51005821649698.78
2021-04-30,66197.8203125,50761399762423.78
2021-05-03,66209.6171875,50770445768545.97
2021-05-04,64926.4140625,49786467950288.16
2021-05-05,64789.8359375,49681737964176.84
2021-05-06,65757.6953125,50423905854543.28
2021-05-07,66742.5390625,51179097597432.66
2021-05-10,64662.2578125,49583909301941.53
2021-05-11,63481.84375,48678751551597.375
2021-05-12,62467.8046875,47901172441238.72
2021-05-13,60401.52734375,46316722533809.86
2021-05-14,60318.13671875,46252777454771.3
2021-05-17,61320.3828125,47021313554374.03
2021-05-18,60275.74609375,46220271740056.734
2021-05-19,59665.63671875,45752431473761.3
2021-05-20,60820.86328125,46638275102424.7
2021-05-21,60318.53515625,46253082982130.39
2021-05-24,60140.56640625,46116614095068.516
2021-05-25,61037.421875,46804335212824.69
2021-05-26,60574.5,46449360347418.0
2021-05-27,59590.65625,45694935418292.625
2021-05-28,60705.87890625,46550103501029.766
2021-05-31,60989.23828125,46767387369938.2
2021-06-01,61534.953125,47185849023344.81
2021-06-02,61959.28515625,47511232665413.39
2021-06-03,60384.73046875,46303842458867.67
2021-06-04,60581.5,46454728043766.0
2021-06-07,59845.4140625,45890287215404.16
2021-06-08,59590.0546875,45694474131887.72
2021-06-09,58780.77734375,45073909125806.86
2021-06-10,58627.609375,44956457819165.44
2021-06-11,59298.3046875,45470756216240.72
2021-06-14,59790.625,45848274208162.5
2021-06-15,59673.23828125,45758260456514.2
2021-06-17,61336.77734375,47033885106590.86
2021-06-18,60993.8359375,46770912916032.84
2021-06-21,60790.46484375,46614965162145.61
2021-06-22,59190.71875,45388257838552.875
2021-06-23,58888.765625,45156716026220.06
2021-06-24,58793.57421875,45083721945693.05
2021-06-25,58307.45703125,44710960595401.08
2021-06-28,59322.90234375,45489618037615.36
2021-06-29,60716.87890625,46558538452433.766
2021-06-30,59954.39453125,45973854938848.83
2021-07-01,59210.7109375,45403588123100.34
2021-07-02,59182.32421875,45381820796448.05
2021-07-05,55591.28125,42628159620895.125
2021-07-06,56200.18359375,43095074319014.484
2021-07-07,57262.6171875,43909763022037.97
2021-07-08,54991.37890625,42168146246651.766
2021-07-09,54700.42578125,41945039385722.95
2021-07-12,55590.8828125,42627854093536.03
2021-07-13,56378.55859375,43231854724167.984
2021-07-14,57700.34765625,44245420770397.64
2021-07-15,58730.79296875,45035580419071.92
2021-07-16,59019.9453125,45257306416152.28
2021-07-19,58251.6640625,44668177779029.16
2021-07-20,58090.88671875,44544891498902.3
2021-07-21,59106.7265625,45323851473109.41
2021-07-22,60217.16015625,46175347236804.89
2021-07-23,59201.3125,45396381271865.25
2021-07-26,54951.578125,42137626459771.31
2021-07-27,50924.4140625,39049541626760.16
2021-07-28,54940.18359375,42128888976374.484
2021-07-29,57181.63671875,43847666083985.3
2021-07-30,56431.1484375,43272181340202.09
2021-08-02,55931.2265625,42888834365527.41
2021-08-03,52030.234375,39897499862895.94
2021-08-04,53491.80859375,41018255090940.984
2021-08-05,52740.53125,40442165283172.125
2021-08-06,53495.00390625,41020705300546.266
2021-08-10,59190.71875,45388257838552.875
2021-08-11,56921.0703125,43647860177236.78
2021-08-12,56713.90625,43489003922705.625
2021-08-13,56134.8046875,43044940873826.72
2021-08-16,51991.84375,39868061403237.375
2021-08-17,47789.30078125,36645493610998.45
2021-08-18,49755.59375,38153274123492.375
2021-08-19,47586.734375,36490162902561.94
2021-08-20,48004.07421875,36810184839015.05
2021-08-23,45810.21484375,35127903273984.61
2021-08-24,47452.55859375,36387275066703.984
2021-08-25,48831.94140625,37445004793154.016
2021-08-26,48122.0546875,36900653886335.72
2021-08-27,48038.07421875,36836256506991.05
2021-08-30,46592.89453125,35728072831162.83
2021-08-31,49592.2265625,38028001915531.41
2021-09-01,51791.87890625,39714725608733.766
2021-09-02,51891.859375,39791392008302.44
2021-09-03,51391.9453125,39408051024360.28
2021-09-06,52744.53125,40445232538228.125
2021-09-07,53684.98046875,41166381943508.67
2021-09-08,52701.53515625,40412262541742.39
2021-09-09,48579.58203125,37251492150929.58
2021-09-10,47803.1015625,36656076240014.91
2021-09-13,47356.57421875,36313672926825.05
2021-09-14,47595.93359375,36497216990117.484
2021-09-15,46916.64453125,35976328787257.83
2021-09-16,47214.796875,36204956108214.19
2021-09-17,47992.47265625,36801288601206.14
2021-09-20,46466.9140625,35631469273730.16
2021-09-21,47972.47265625,36785952325926.14
2021-09-22,48539.38671875,37220669832056.3
2021-09-23,49588.625,38025240187834.5
2021-09-27,49712.20703125,38120004590380.08
2021-09-28,50212.125,38503348569688.5
2021-09-29,51291.953125,39331375638692.81
2021-09-30,49844.18359375,38221206035030.484
2021-10-01,49351.65625,37843529288696.625
2021-10-04,49351.45703125,37843376525017.08
2021-10-05,50164.328125,38466697268062.31
2021-10-06,49432.4453125,37905479453802.28
2021-10-07,51991.84375,39868061403237.375
2021-10-08,51094.59375,39180037753488.375
2021-10-11,51366.34765625,39388422389221.64
2021-10-12,50212.125,38503348569688.5
2021-10-13,50910.21484375,39038653470384.61
2021-10-14,51088.19140625,39175128348179.016
2021-10-15,51391.546875,39407745497001.19
2021-10-18,51011.99609375,39116700733801.734
2021-10-19,52691.734375,40404747167781.94
2021-10-20,53491.4140625,41017952558948.16
2021-10-21,53286.640625,40860929468571.56
2021-10-22,53291.640625,40864763537391.56
2021-10-25,51866.4609375,39771916136843.34
2021-10-26,53038.8828125,40670945367808.03
2021-10-27,52370.1875,40158180598260.75
2021-10-28,52416.77734375,40193906331710.86
2021-10-29,51794.6796875,39716873286346.22
2021-11-02,52105.4296875,39955160663509.22
2021-11-03,53843.16015625,41287676305068.89
2021-11-04,52578.15234375,40317650902876.36
2021-11-05,50909.21484375,39037886656620.61
2021-11-08,50392.09765625,38641354079644.64
2021-11-09,51019.59765625,39122529716554.64
2021-11-10,50954.8125,39072851567039.25
2021-11-11,50126.140625,38437414567449.56
2021-11-12,52448.375,40218135849433.5
2021-11-15,52991.69140625,40634758347953.016
2021-11-16,55491.296875,42551490225960.19
2021-11-17,55035.96484375,42202335357207.61
2021-11-18,54318.28125,41652005699323.125
2021-11-19,54311.48046875,41646790766654.67
2021-11-22,53050.8828125,40680147132976.03
2021-11-23,51316.75,39350390223747.0
2021-11-24,50532.07421875,38748690034407.05
2021-11-25,50072.75,38396473901331.0
2021-11-26,50255.1171875,38536315570807.97
2021-11-29,49222.08203125,37744169994299.58
2021-11-30,49157.09375,37694336085738.375
2021-12-01,49381.1875,37866174257664.75
2021-12-02,49533.56640625,37983020500320.516
2021-12-03,49134.015625,37676639461841.06
2021-12-06,49233.60546875,37753006324783.17
2021-12-07,50834.796875,38980821933894.19
2021-12-08,50522.8359375,38741605993188.84
2021-12-09,49983.91015625,38328350286351.89
2021-12-10,50384.2578125,38635342379549.53
2021-12-13,50267.2734375,38545637150626.59
2021-12-14,50085.890625,38406550313448.56
2021-12-15,49393.5859375,37875681550191.84
2021-12-17,47288.25390625,36261283970839.266
2021-12-20,47493.83203125,36418924106666.58
2021-12-21,47194.87109375,36189676744893.234
2021-12-22,47673.203125,36556468330217.81
2021-12-23,48194.34375,36956086134447.375
2021-12-24,48895.65234375,37493859216946.36
2021-12-28,48511.49609375,37199282916919.734
2021-12-29,49103.2265625,37653029984935.41
2021-12-30,48731.2734375,37367811209122.59
2021-12-31,49433.578125,37906348110019.31
2022-01-03,50223.875,38512358631415.5
2022-01-04,51443.31640625,39447443086119.516
2022-01-05,49665.3515625,38084075172023.91
2022-01-06,47899.578125,36730055796043.31
2022-01-07,47774.59765625,36634219052374.64
2022-01-10,47476.63671875,36405738504365.3
2022-01-11,49033.234375,37599359012187.94
2022-01-12,53593.0390625,41095880007714.66
2022-01-13,52872.53125,40543384700020.125
2022-01-14,52121.828125,39967735211092.31
2022-01-17,52367.59765625,40156194670426.64
2022-01-18,50566.4375,38775040271445.75
2022-01-19,50425.25390625,38666778748507.266
2022-01-20,52985.515625,40630022673887.06
2022-01-21,51433.515625,39439927712159.06
2022-01-24,50079.89453125,38401952426230.83
2022-01-25,48193.7421875,36955624848042.47
2022-01-26,48593.69140625,37262311413881.016
2022-01-27,46914.7109375,35974846080956.34
2022-01-28,46947.10546875,35999686653397.17
2022-01-31,49234.8046875,37753925902226.72
2022-02-01,50173.6796875,38473868174902.22
2022-02-02,49593.5625,38029026330794.25
2022-02-03,48949.2421875,37534952646744.47
2022-02-04,49601.15234375,38034846327448.36
2022-02-07,49515.56640625,37969217852568.516
2022-02-08,48926.24609375,37517318925538.734
2022-02-09,49993.51171875,38335712896632.8
2022-02-10,48698.67578125,37342814877635.95
2022-02-11,47949.16796875,36768081970785.42
2022-02-14,45737.859375,35072420104646.438
2022-02-15,45621.87109375,34983478694121.234
2022-02-16,45355.30859375,34779074900154.984
2022-02-17,45291.31640625,34730004809991.516
2022-02-18,44733.18359375,34302020887226.484
2022-02-21,41139.0546875,31545993372323.72
2022-02-22,40988.4765625,31430527993516.406
2022-02-23,40163.78125,30798140276785.125
2022-02-24,37922.46875,29079471002359.875
2022-02-25,37691.1015625,28902055458446.906
2022-02-28,38564.1953125,29571555763209.28
2022-03-01,38775.5625,29733635031842.25
2022-03-02,37407.7421875,28684771589538.47
2022-03-03,36678.03515625,28125222194288.39
2022-03-04,32664.15625,25047324601946.625
2022-03-07,32687.75390625,25065419609557.266
2022-03-08,34179.359375,26209203213452.438
2022-03-09,36195.30078125,27755054831182.453
2022-03-10,35869.73828125,27505409025140.203
2022-03-11,35858.73828125,27496974073736.203
2022-03-14,31153.75390625,23889127295581.266
2022-03-15,29870.12109375,22904819987034.234
2022-03-16,36121.70703125,27698622130738.08
2022-03-17,35366.40625,27119447095715.625
2022-03-18,36895.60546875,28292058104551.17
2022-03-22,37301.35546875,28603192789294.17
2022-03-23,33775.61328125,25899605151603.703
2022-03-24,32466.98046875,24896127498956.67
2022-03-25,31970.24609375,24515224743154.734
2022-03-28,31996.443359375,24535313167015.15
2022-03-29,34157.55859375,26192486074323.984
2022-03-30,34082.97265625,26135292550848.14
2022-03-31,33278.078125,25518088345717.312
2022-04-01,34421.53515625,26394906935822.39
2022-04-04,35816.3515625,27464471354387.906
2022-04-05,35465.39453125,27195352672252.83
2022-04-06,33216.68359375,25471010174120.484
2022-04-07,32646.76171875,25033986235965.797
2022-04-08,31995.84375,24534853378293.375
2022-04-11,32815.734375,25163556794517.938
2022-04-12,31485.109375,24143215229795.438
2022-04-13,31239.54296875,23954911529506.92
2022-04-14,30459.642578125,23356873175426.695
2022-04-19,30572.62890625,23443512646976.766
2022-04-20,29894.517578125,22923527547046.195
2022-04-21,29480.76953125,22606259849874.33
2022-04-22,30141.685546875,23113059347503.617
2022-04-25,30053.697265625,23045588722370.414
2022-04-26,29996.103515625,23001425042150.04
2022-04-28,29784.533203125,22839190014471.258
2022-04-29,32150.82421875,24653694534882.047
2022-05-03,31933.453125,24487011388298.812
2022-05-04,30652.818359375,23505003023360.65
2022-05-05,29209.806640625,22398481775809.85
2022-05-06,29190.40625,22383605289251.625
2022-05-09,28540.09375,21884936713350.375
2022-05-10,29050.626953125,22276420600485.633
2022-05-11,31175.951171875,23906148464385.68
2022-05-12,31688.8828125,24299471506408.03
2022-05-13,32085.833984375,24603859128637.71
2022-05-16,31453.11328125,24118680184713.703
2022-05-17,33551.44140625,25727707072352.016
2022-05-18,31955.8515625,24504186818465.906
2022-05-19,31692.681640625,24302384500101.35
2022-05-20,32070.234375,24591897133455.938
2022-05-23,31308.1328125,24007507165765.03
2022-05-24,29199.806640625,22390813638169.85
2022-05-25,30533.6328125,23413609905547.03
2022-05-26,31999.64453125,24537767869669.83
2022-05-27,31723.28125,24325848701743.125
2022-05-30,33360.8671875,25581572138350.97
2022-05-31,34284.15234375,26289559904260.36
2022-06-01,33602.234375,25766655819903.938
2022-06-02,33065.90234375,25355389036267.36
2022-06-03,33192.0859375,25452148352745.844
2022-06-06,34481.12109375,26440598252838.234
2022-06-07,33489.25,25680017846037.0
2022-06-08,36474.0625,27968813153996.25
2022-06-09,36715.83203125,28154205358274.58
2022-06-10,35458.59375,27190137739584.375
2022-06-13,34802.6796875,26687173808458.22
2022-06-14,34795.48046875,26681653348430.67
2022-06-15,36266.6875,27809795149686.75
2022-06-17,35982.3203125,27591738476281.78
2022-06-20,36610.84765625,28073701894519.64
2022-06-21,36920.20703125,28310922921292.08
2022-06-22,36547.25,28024934336349.0
2022-06-23,36972.796875,28351249537326.188
2022-06-24,38250.4296875,29330955963289.22
2022-06-27,46967.69921875,36015478224349.55
2022-06-28,46057.015625,35317153510013.06
2022-06-29,46857.109375,35930676410003.44
2022-06-30,47348.25,36307289801313.0
2022-07-01,50343.45703125,38604055778905.08
2022-07-04,50972.78125,39086630251861.125
2022-07-05,53292.87890625,40865713068497.766
2022-07-06,52393.19140625,40175820310199.016
2022-07-07,57057.5859375,43752542237487.84
2022-07-08,53123.09765625,40735522469128.64
2022-07-11,51960.65234375,39844143403606.36
2022-07-12,52595.7734375,40331163000100.59
2022-07-13,50052.296875,38380790163564.19
2022-07-14,49993.51171875,38335712896632.8
2022-07-15,49075.42578125,37631711963222.95
2022-07-18,51169.15234375,39237210309400.36
2022-07-19,52882.53125,40551052837660.125
2022-07-20,53193.09375,40789196437242.375
2022-07-21,53245.08203125,40829061766871.58
2022-07-22,52193.21875,40022478524962.875
2022-07-25,50614.42578125,38811838346018.95
2022-07-26,51009.171875,39114535083991.69
2022-07-27,49450.578125,37919383944007.31
2022-07-28,49173.81640625,37707159248721.516
2022-07-29,47122.48046875,36134166617258.67
2022-08-01,47443.4375,36380280886473.75
2022-08-02,46523.7578125,35675057843627.53
2022-08-03,48448.7109375,37151138394932.34
2022-08-04,48533.09375,37215844297002.375
2022-08-05,48993.03515625,37568533697948.39
2022-08-08,49882.71484375,38250752327874.61
2022-08-10,48593.69140625,37262311413881.016
2022-08-11,50172.08203125,38472643070099.58
2022-08-12,48877.05078125,37479595282789.45
2022-08-15,49540.56640625,37988388196668.516
2022-08-16,51604.8984375,39571346411697.09
2022-08-17,51769.87890625,39697855705925.766
2022-08-18,50423.8515625,38665703412017.91
2022-08-19,49461.5703125,37927812904678.78
2022-08-22,48924.84375,37516243589049.375
2022-08-23,49373.5859375,37860345274911.84
2022-08-24,49162.6171875,37698571533637.97
2022-08-25,52246.01171875,40062960900042.8
2022-08-26,51031.171875,39131404986799.69
2022-08-29,50393.45703125,38642396467105.08
2022-08-30,48253.9296875,37001777451463.22
2022-08-31,48509.09375,37197440766666.375
2022-09-01,46835.9140625,35914423552646.16
2022-09-02,48504.09375,37193606697846.375
2022-09-05,47940.76953125,36761641933314.33
2022-09-06,47526.0234375,36443608920061.59
2022-09-07,47473.8359375,36403590826752.84
2022-09-08,48831.85546875,37444938895096.17
2022-09-09,49828.9296875,38209509129763.22
2022-09-12,50114.09375,38428176857886.375
2022-09-13,48875.8515625,37478675705345.91
2022-09-14,49393.5859375,37875681550191.84
2022-09-15,49316.59765625,37816645876462.64
2022-09-16,47307.25390625,36275853432355.266
2022-09-19,47377.2421875,36329521409736.47
2022-09-20,47833.78515625,36679604842031.39
2022-09-21,47493.83203125,36418924106666.58
2022-09-22,45372.7109375,34792419256868.344
2022-09-23,44932.5625,34454907376790.25
2022-09-26,47663.203125,36548800192577.81
2022-09-27,45877.0390625,35179145004690.656
2022-09-28,44948.36328125,34467023633334.703
2022-09-29,43948.2890625,33700152957375.656
2022-09-30,45259.92578125,34705934046680.953
2022-10-03,45414.10546875,34824161153185.17
2022-10-04,47045.890625,36075436470888.56
2022-10-05,46135.30078125,35377183645342.45
2022-10-06,47995.11328125,36803313468801.7
2022-10-07,47367.1796875,36321805346236.22
2022-10-10,45153.59765625,34624400176930.64
2022-10-11,44663.8515625,34248856131377.906
2022-10-12,44052.1171875,33779769792715.97
2022-10-13,42065.51953125,32256419366373.33
2022-10-14,42539.47265625,32619853146114.14
2022-10-17,43995.5234375,33736372926259.594
2022-10-18,44763.640625,34325375757999.562
2022-10-19,42408.6796875,32519559297442.22
2022-10-20,42748.84765625,32780404777951.64
2022-10-21,41431.3828125,31770154602178.03
2022-10-24,34223.515625,26243062833719.062
2022-10-25,35080.42578125,26900153336042.953
2022-10-26,37258.40625,28570258737203.625
2022-10-27,37556.17578125,28798592512265.953
2022-10-28,35196.41796875,26989097741934.42
2022-10-31,37998.12890625,29137488251558.766
2022-11-01,41122.8125,31533538639391.25
2022-11-02,41099.015625,31515290868101.062
2022-11-03,40615.86328125,31144803000804.703
2022-11-04,43595.5625,33429677374322.25
2022-11-07,44195.5,33889717706862.0
2022-11-08,42921.62890625,32912895818612.766
2022-11-09,42119.7109375,32297974082576.344
2022-11-10,44031.3203125,33763822462717.78
2022-11-11,47740.73828125,36608255217584.2
2022-11-14,46973.015625,36019554917837.06
2022-11-15,49260.7890625,37773851078625.66
2022-11-16,52198.68359375,40026669042368.484
2022-11-17,51588.34765625,39558655044829.64
2022-11-18,51211.58984375,39269751968510.11
2022-11-21,49772.53125,38166262031620.125
2022-11-22,48070.30078125,36860968278682.45
2022-11-23,48419.87109375,37129023605793.234
2022-11-24,49693.94140625,38105998257722.016
2022-11-25,48912.62109375,37506871088004.234
2022-11-28,49551.35546875,37996661398294.17
2022-11-29,49685.140625,38099249697525.56
2022-11-30,52716.43359375,40423686868679.484
2022-12-01,53420.55859375,40963619610255.984
2022-12-02,53130.390625,40741114817946.56
2022-12-05,54165.8828125,41535144479836.03
2022-12-06,53183.38671875,40781752952072.3
2022-12-07,53235.77734375,40821926804426.86
2022-12-08,54413.859375,41725296321110.44
2022-12-09,55935.3046875,42891961527908.72
2022-12-12,55835.71484375,42815594664966.61
2022-12-13,57894.70703125,44394458214310.08
2022-12-14,57096.1875,43782142446924.75
2022-12-15,56670.03125,43455359968810.125
2022-12-19,56594.23828125,43397240877158.2
2022-12-20,55374.359375,42461820941432.44
2022-12-21,55594.33984375,42630504992681.11
2022-12-22,55994.30078125,42937200544618.45
2022-12-23,55190.3828125,42320745181054.03
2022-12-28,56708.02734375,43484495896475.86
2022-12-29,57094.1875,43780608819396.75
2022-12-30,56481.05078125,43310447144245.45
2023-01-03,59793.9140625,45850796306558.16
2023-01-04,61192.5703125,46923305170162.78
2023-01-05,60730.01171875,46568608873818.8
2023-01-06,62758.41015625,48124012714569.89
2023-01-09,65227.7578125,50017542485483.53
2023-01-10,64713.609375,49623286386869.44
2023-01-11,66523.2265625,51010925753815.41
2023-01-12,65693.3125,50374536227753.25
2023-01-13,67358.9453125,51651766394148.28
2023-01-16,66126.6640625,50706836170529.16
2023-01-17,67093.1640625,51447961673435.16
2023-01-18,67137.1640625,51481701479051.16
2023-01-19,66891.9921875,51293700310755.47
2023-01-20,67535.125,51786863403460.5
2023-01-23,68039.2734375,52173451364434.59
2023-01-24,68715.796875,52692218847978.19
2023-01-25,67566.3203125,51810784398457.78
2023-01-26,69999.8671875,53676861637546.97
2023-01-27,70783.0,54277378657212.0
2023-01-30,67089.3671875,51445050177424.97
2023-01-31,66924.1796875,51318382128784.22
2023-02-01,66673.0078125,51125780077904.53
2023-02-02,66975.78125,51357950917153.125
2023-02-03,67993.078125,52138028162977.31
2023-02-06,66793.1953125,51217941507165.28
2023-02-07,66986.578125,51366230109511.31
2023-02-08,68003.875,52146307355335.5
2023-02-09,68618.40625,52617538376243.625
2023-02-10,68652.2109375,52643460275906.34
2023-02-13,69281.546875,53126043734961.19
2023-02-14,68627.609375,52624595459165.44
2023-02-15,68900.375,52833755894761.5
2023-02-16,69515.515625,53305454192807.06
2023-02-17,67174.1640625,51510073588319.16
2023-02-20,67133.765625,51479095510400.06
2023-02-21,64646.01953125,49571457564375.33
2023-02-22,64713.41015625,49623133623189.89
2023-02-23,65139.97265625,49950227619396.14
2023-02-24,63388.94140625,48607512755702.016
2023-02-27,64593.42578125,49531127952974.95
2023-02-28,65134.37109375,49945932264171.234
2023-03-01,68378.4296875,52433521045081.22
2023-03-02,65447.5390625,50186073773052.66
2023-03-03,65176.5625,49978285215206.25
2023-03-06,65578.5234375,50286514394671.59
2023-03-07,65630.9140625,50326688247026.16
2023-03-08,64516.43359375,49472089283879.484
2023-03-09,63357.55078125,48583441992391.45
2023-03-10,60987.79296875,46766279084419.92
2023-03-13,61793.90625,47384417843825.625
2023-03-14,62623.2265625,48020352074215.41
2023-03-15,61008.390625,46782073650738.56
2023-03-16,60954.39453125,46740668702848.83
2023-03-17,59695.12109375,45775040498334.234
2023-03-20,62070.484375,47596501756896.94
2023-03-22,63971.0859375,49053909194901.84
2023-03-23,66993.1796875,51371292278500.22
2023-03-24,66593.21875,51064596726562.875
2023-03-27,63963.484375,49048080212148.94
2023-03-28,65418.5390625,50163836173896.66
2023-03-29,66776.59375,51205211200536.375
2023-03-30,66344.453125,50873839821302.81
2023-03-31,65852.4921875,50496597403077.47
2023-04-03,65660.3125,50349231373541.25
2023-04-04,66311.046875,50848223448999.19
2023-04-05,64428.04296875,49404310136020.92
2023-04-06,65019.77734375,49858060199402.86
2023-04-11,63373.546875,48595708017249.19
2023-04-12,61129.77734375,46875154657442.86
2023-04-13,63178.56640625,48446194310100.516
2023-04-14,64388.44140625,49373943112820.016
2023-04-17,67197.9609375,51528321359609.34
2023-04-18,67473.1328125,51739326940825.03
2023-04-19,66823.796875,51241407206490.19
2023-04-20,65971.078125,50587530732169.31
2023-04-21,64957.98828125,49810679495813.2
2023-04-24,63608.12890625,48775588747598.766
2023-04-25,63390.7421875,48608893619550.47
2023-04-26,64667.41796875,49587866180778.42
2023-04-28,65217.359375,50009568820484.44
2023-05-02,63553.52734375,48733719517937.86
2023-05-03,62957.98828125,48277051967813.2
2023-05-04,62343.25390625,47805665187859.266
2023-05-05,64123.46875,49170758432923.875
2023-05-08,63221.36328125,48479011542906.7
2023-05-09,60824.0078125,46640686372268.53
2023-05-10,62884.3984375,48220622262735.09
2023-05-11,64505.43359375,49463654332475.484
2023-05-12,63310.5546875,48547404740849.72
2023-05-15,65393.34375,50144516061483.375
2023-05-16,66209.65625,50770475722208.625
2023-05-17,69089.96875,52979138991829.875
2023-05-18,67280.546875,51591649393197.19
2023-05-19,66880.9921875,51285265359351.47
2023-05-22,66793.1953125,51217941507165.28
2023-05-23,64496.43359375,49456753008599.484
2023-05-24,62970.390625,48286562255706.56
2023-05-25,62481.44140625,47911629264872.016
2023-05-26,62993.5859375,48304348740591.84
2023-05-29,61985.6875,47531478346002.75
2023-05-30,61129.578125,46875001893763.31
2023-05-31,59530.73828125,45648989495144.2
2023-06-01,61468.54296875,47134924801462.92
2023-06-02,63924.89453125,49018488988810.83
2023-06-05,63198.16796875,48461225058021.42
2023-06-06,62876.3984375,48214487752623.09
2023-06-07,62352.25390625,47812566511735.266
2023-06-08,62242.06640625,47728073220114.516
2023-06-09,62187.66796875,47686359749499.42
2023-06-12,62451.83984375,47888930379311.11
2023-06-13,63343.55078125,48572706599695.45
2023-06-14,62293.65625,47767633022384.625
2023-06-15,64501.83203125,49460892604778.58
2023-06-19,65194.55859375,49992084867591.984
2023-06-20,62918.9921875,48247149226383.47
2023-06-21,61324.15625,47024207078186.625
2023-06-22,61433.74609375,47108242078768.734
2023-06-23,59877.70703125,45915049908322.08
2023-06-26,59962.6953125,45980220092163.28
2023-06-27,65218.9609375,50010796920653.34
2023-06-28,67699.109375,51912608879291.44
2023-06-29,66298.8515625,50838871915517.91
2023-06-30,67973.0859375,52122697878429.84
2023-07-03,66592.8203125,51064291199203.78
2023-07-04,66578.625,51053406038194.5
2023-07-05,66057.484375,50653788233964.94
2023-07-06,63581.12890625,48754884775970.766
2023-07-07,64182.8671875,49216305972358.97
2023-07-10,64390.2421875,49375323976668.47
2023-07-11,64400.83984375,49383450405347.11
2023-07-12,66872.3984375,51278675553567.09
2023-07-13,67739.5,51943580966478.0
2023-07-14,68385.6328125,52439044500475.03
2023-07-17,68446.234375,52485514612719.94
2023-07-18,66648.8125,51107226779255.25
2023-07-19,67478.7265625,51743616305317.41
2023-07-20,65308.953125,50079804168680.81
2023-07-21,64802.40234375,49691374057453.36
2023-07-24,64923.7890625,49784455064157.66
2023-07-25,66348.046875,50876595558267.19
2023-07-26,65992.28125,50603789580259.125
2023-07-27,66501.828125,50994517137412.31
2023-07-28,69211.1484375,53072061244122.09
2023-07-31,70275.046875,53887873209495.19
2023-08-01,70951.78125,54406802442817.125
2023-08-02,68291.84375,52367125756437.375
2023-08-03,69792.8984375,53518155151329.09
2023-08-04,69092.96875,52981439433121.875
2023-08-07,68330.4375,52396719975141.75
2023-08-08,67443.9296875,51716933582623.22
2023-08-10,69621.1171875,53386430924431.97
2023-08-11,67120.1640625,51468665645063.16
2023-08-14,66509.625,51000495888478.5
2023-08-15,67271.546875,51584748069321.19
2023-08-16,65295.95703125,50069838585115.08
2023-08-17,65816.5,50468998098306.0
2023-08-18,64416.2421875,49395261134532.47
2023-08-21,64818.80078125,49703948605036.45
2023-08-22,63793.5,48917733853734.0
2023-08-23,63708.3125,48852410906213.25
2023-08-24,63251.95703125,48502471251499.08
2023-08-25,62393.65234375,47844311403418.36
2023-08-28,63836.69921875,48950859609265.55
2023-08-29,64521.828125,49476225884692.31
2023-08-30,63674.515625,48826494997283.06
2023-08-31,64333.25390625,49331624578219.266
2023-09-01,64894.99609375,49762376219413.734
2023-09-04,66172.4609375,50741953844627.34
2023-09-05,66834.1953125,51249380871489.28
2023-09-06,67123.5625,51471271613714.25
2023-09-07,64084.47265625,49140855691494.14
2023-09-08,63840.30078125,48953621336962.45
2023-09-11,65082.9765625,49906522230214.41
2023-09-12,65267.75390625,50048212040677.266
2023-09-13,64188.46875,49220601327583.875
2023-09-14,65105.37109375,49923694665015.234
2023-09-15,64698.41015625,49611631416729.89
2023-09-18,63593.52734375,48764392068497.86
2023-09-19,63501.93359375,48694156720301.484
2023-09-20,62911.39453125,48241323238996.83
2023-09-21,59706.72265625,45783936736143.14
2023-09-22,62334.05078125,47798608104937.45
2023-09-26,60268.46484375,46214688377337.61
2023-09-27,61007.59375,46781462596020.375
2023-09-28,60315.0546875,46250414110787.72
2023-09-29,60504.83984375,46395943980803.11
2023-10-02,60706.42578125,46550522852306.95
2023-10-03,59593.93359375,45697448530589.484
2023-10-04,59950.296875,45970712799636.19
2023-10-05,60143.2734375,46118689883890.59
2023-10-06,61887.5,47456186819550.0
2023-10-09,61052.1796875,46815651706576.22
2023-10-10,63164.3671875,48435306153724.97
2023-10-11,63940.2890625,49030293727263.66
2023-10-12,63035.3828125,48336399159634.03
2023-10-13,61432.74609375,47107475265004.734
2023-10-16,62211.66796875,47704763279835.42
2023-10-17,60930.3984375,46722268167879.09
2023-10-18,60342.65625,46271579368820.625
2023-10-19,58258.671875,44673551466109.69
2023-10-20,57625.53125,44188050520312.125
2023-10-23,58064.08984375,44524343286320.11
2023-10-24,59626.328125,45722289103030.31
2023-10-25,58705.421875,45016125515176.69
2023-10-26,58175.6796875,44609911914430.22
2023-10-27,57770.921875,44299538052718.69
2023-10-30,58540.23828125,44889460461902.2
2023-10-31,58180.6796875,44613745983250.22
2023-11-01,58554.23828125,44900195854598.2
2023-11-02,60133.87890625,46111486028021.766
2023-11-03,63503.13671875,48695079293111.3
2023-11-06,64207.66015625,49235317562046.89
2023-11-07,62897.59375,48230740609980.375
2023-11-08,64650.41796875,49574830346790.42
2023-11-09,64585.2265625,49524840679183.41
2023-11-10,63593.52734375,48764392068497.86
2023-11-13,63922.6953125,49016802597603.28
2023-11-14,65229.55859375,50018923349331.984
2023-11-15,69595.7109375,53366949062240.34
2023-11-16,67275.75,51587971083423.0
2023-11-17,67413.3359375,51693473874030.84
2023-11-20,67843.09375,52023018079842.375
2023-11-21,66793.1953125,51217941507165.28
2023-11-22,67911.2890625,52075311184107.66
2023-11-23,69086.3671875,52976377264132.97
2023-11-24,68882.78125,52820264765101.125
2023-11-27,67982.4765625,52129898738932.41
2023-11-28,68793.0,52751419266852.0
2023-11-29,68585.625,52592401262542.5
2023-11-30,69463.9296875,53265897385903.22
2023-12-01,67752.1015625,51953244018050.91
2023-12-04,69552.9140625,53334131829434.16
2023-12-05,68424.234375,52468644709911.94
2023-12-06,67871.2265625,52044590707687.41
2023-12-07,67680.046875,51897991491915.19
2023-12-08,67694.84375,51909337939329.375
2023-12-11,68709.15625,52687126725326.625
2023-12-12,68086.40625,52209593453795.625
2023-12-13,68606.5625,52608456425726.25
2023-12-14,67577.4453125,51819315201582.28
2023-12-18,65835.7734375,50483777235460.59
2023-12-19,66535.1328125,51020055630193.03
2023-12-20,65994.96875,50605850392249.875
2023-12-21,66634.921875,51096575256814.69
2023-12-22,54842.8203125,42054229472203.78
2023-12-27,60120.01953125,46100858468511.33
2023-12-28,60582.18359375,46455252232862.484
2023-12-29,62555.23046875,47968211733629.67
2024-01-02,60997.75,46773914273031.0
2024-01-03,61738.89453125,47342234100706.83
2024-01-04,62556.03125,47968825783714.125
2024-01-05,61586.10546875,47225073344593.17
2024-01-08,60805.36328125,46626389489082.7
2024-01-09,59732.05078125,45803358691009.45
2024-01-10,58620.73046875,44951182979171.67
2024-01-11,60025.42578125,46028322679022.95
2024-01-12,59842.23828125,45887851982630.2
2024-01-15,59559.66015625,45671167186974.89
2024-01-16,58180.3671875,44613506353948.97
2024-01-17,56959.859375,43677604164254.44
2024-01-18,57973.9765625,44455243181938.41
2024-01-19,58507.33984375,44864233487213.11
2024-01-22,57985.578125,44464139419747.31
2024-01-23,60595.37890625,46465370580107.766
2024-01-24,63795.1328125,48918985916833.03
2024-01-25,63445.1640625,48650625062363.16
2024-01-26,64305.8984375,49310648028261.09
2024-01-29,63655.14453125,48811640975971.83
2024-01-30,63706.9453125,48851362528020.28
2024-01-31,62740.015625,48109907534825.06
2024-02-01,63540.95703125,48724080429295.08
2024-02-02,65275.0234375,50053786417297.59
2024-02-05,65130.234375,49942760171295.94
2024-02-06,67560.640625,51806429135907.56
2024-02-07,68461.3828125,52497130643098.03
2024-02-08,67533.453125,51785581386698.81
2024-02-09,68550.375,52565371077361.5
2024-02-12,68653.765625,52644652431680.06
2024-02-13,67398.65625,51682217287604.625
2024-02-14,65996.5703125,50607078492418.78
2024-02-15,65916.578125,50545739382031.31
2024-02-16,66102.3515625,50688193010891.91
2024-02-19,65719.59375,50394689051988.375
2024-02-20,64266.703125,49280592523151.81
2024-02-21,65456.2109375,50192723486162.34
2024-02-22,66777.90625,51206217643601.625
2024-02-23,66945.09375,51334419319770.375
2024-02-26,66518.9296875,51007630850923.22
2024-02-27,65019.04296875,49857497070544.92
2024-02-28,63340.171875,48570115607875.69
2024-02-29,63097.98828125,48384405894773.2
2024-03-01,62420.83984375,47865159152627.11
2024-03-04,60894.75390625,46694935450705.266
2024-03-05,58925.90234375,45185192973307.36
2024-03-06,60001.2265625,46009766385007.41
2024-03-07,59448.26953125,45585751322544.33
2024-03-08,59413.26953125,45558912840804.33
2024-03-11,59268.28125,45447733831123.125
2024-03-12,61191.9375,46922819920827.75
2024-03-13,61764.48828125,47361859740479.2
2024-03-14,61788.2890625,47380110507135.66
2024-03-15,61147.94140625,46889083110578.016
2024-03-18,61903.08203125,47468135335583.58
2024-03-19,61483.11328125,47146097517633.7
2024-03-20,62313.44921875,47782810543252.55
2024-03-22,61900.48046875,47466140421650.67
2024-03-25,62495.234375,47922205903155.94
2024-03-26,64706.66796875,49617963621015.42
2024-03-27,66027.5703125,50630849719102.78
2024-03-28,67145.8828125,51488387136556.03
2024-04-02,67228.875,51552026688235.5
2024-04-03,66994.890625,51372604248924.56
2024-04-04,66918.8984375,51314332393593.09
2024-04-05,67136.0859375,51480874757961.84
2024-04-08,67221.671875,51546503232841.69
2024-04-09,65483.609375,50213732985149.44
2024-04-10,67416.0625,51695564639684.25
2024-04-11,67234.875,51556627570819.5
2024-04-12,66602.921875,51072037216366.69
2024-04-15,65684.7890625,50368000338561.66
2024-04-16,64132.91015625,49177998233187.89
2024-04-17,64024.3203125,49094730046369.78
2024-04-18,64744.265625,49646794021322.06
2024-04-19,65142.8359375,49952423222868.84
2024-04-22,68630.5625,52626859956062.25
2024-04-23,71965.3046875,55183986164828.72
2024-04-24,73506.3984375,56365718063943.09
2024-04-25,71497.1484375,54824997508626.09
2024-04-26,72486.6796875,55583783691034.22
2024-04-29,72338.6875,55470301244694.75
2024-04-30,72141.8984375,55319400682965.09
2024-05-02,73994.359375,56739893227112.44
2024-05-03,75168.875,57640527974395.5
2024-05-06,75018.078125,57524894855077.31
2024-05-07,74542.7109375,57160376752748.34
2024-05-08,74179.546875,56881897551033.19
2024-05-09,75594.234375,57966699397791.94
2024-05-10,75418.6484375,57832057684152.09
2024-05-13,77014.125,59055491072416.5
2024-05-14,79993.90625,61340428348625.625
2024-05-15,80474.46875,61708930288087.875
2024-05-16,81490.5859375,62488102933299.84
2024-05-17,78154.0390625,59929592865318.66
2024-05-20,78681.796875,60334284820002.19
2024-05-21,78761.9921875,60395779689435.47
2024-05-22,77963.8515625,59783754472577.91
2024-05-23,78139.0390625,59918090658858.66
2024-05-24,78027.8515625,59832830553473.91
2024-05-27,78240.4375,59995844376381.75
2024-05-28,76915.5390625,58979894018604.66
2024-05-30,76159.984375,58400524284774.94
2024-05-31,74560.9140625,57174335159546.16
2024-06-03,75994.2109375,58273406931194.34
2024-06-04,76494.1640625,58656777868799.16
2024-06-05,77187.9140625,59188754917574.16
2024-06-06,78219.4375,59979741287337.75
2024-06-07,76972.921875,59023895949046.69
2024-06-10,76895.5390625,58964557743324.66
2024-06-11,76412.375,58594060889929.5
2024-06-12,78059.6484375,59857212834876.09
2024-06-13,76937.140625,58996458394053.56
2024-06-14,74733.09375,57306364913802.375
2024-06-18,74925.4921875,57453898683849.47
2024-06-19,75891.609375,58194730640861.44
2024-06-20,74056.5546875,56787585448793.72
2024-06-21,71777.1328125,55039693381081.03
2024-06-24,73683.984375,56501893405110.94
2024-06-25,71286.96875,54663828831337.875
2024-06-26,71630.9375,54927588803223.75
2024-06-27,71142.5703125,54553102121962.78
2024-06-28,71338.9609375,54703697156333.34
2024-07-01,69332.921875,53165438792086.69
2024-07-02,69889.875,53592518114239.5
2024-07-03,70396.03125,53980645693474.125
2024-07-04,70683.609375,54201164557949.44
2024-07-05,70194.6484375,53826222581016.09
2024-07-08,71006.1875,54448521904164.75
2024-07-09,70617.21875,54150255312898.875
2024-07-10,70099.453125,53753225505122.81
2024-07-11,71117.78125,54534093527641.125
2024-07-12,73456.6015625,56327533134788.91
2024-07-15,73334.203125,56233676328221.81
2024-07-16,70494.625,54056248738018.5
2024-07-17,70122.2578125,53770712453381.53
2024-07-18,70280.640625,53892162573987.56
2024-07-19,68715.15625,52691727607910.625
2024-07-22,70603.4140625,54139669688516.16
2024-07-23,69758.078125,53491454456437.31
2024-07-24,69368.7109375,53192882337812.34
2024-07-25,68995.5390625,52906729007724.66
2024-07-26,68902.140625,52835109800313.56
2024-07-29,68670.1640625,52657226979263.16
2024-07-30,69404.109375,53220026346911.44
2024-07-31,70438.8359375,54013468917012.84
2024-08-01,69417.7109375,53230456212248.34
2024-08-02,68285.0,52361877874740.0
2024-08-05,68950.9453125,52872533906436.28
2024-08-06,67866.03125,52040606870554.125
2024-08-07,70083.453125,53740956484898.81
2024-08-08,71762.53125,55028496701980.125
2024-08-12,73913.7578125,56678086839587.53
2024-08-13,73857.7734375,56635157250268.59
2024-08-14,72276.28125,55422447273235.125
2024-08-15,73014.4375,55988475645717.75
2024-08-16,73352.609375,56247790494065.44
2024-08-19,72996.8359375,55974978525324.84
2024-08-20,72405.28125,55521366248791.125
2024-08-21,73484.3984375,56348848161135.09
2024-08-22,73867.375,56642519860549.5
2024-08-23,73994.359375,56739893227112.44
2024-08-26,72463.6796875,55566146974462.22
2024-08-27,72877.2421875,55883272391736.47
2024-08-28,71930.125,55157009896240.5
2024-08-29,71865.7265625,55107628287985.41
2024-08-30,73549.3984375,56398691055795.09
2024-09-02,72859.6484375,55869781262076.09
2024-09-03,72839.4453125,55854289227750.28
2024-09-04,71994.5078125,55206379523030.53
2024-09-05,72824.2421875,55842631262244.47
2024-09-06,70717.0078125,54226774939520.53
2024-09-09,70980.1875,54428584746300.75
2024-09-10,70610.8203125,54145348902955.78
2024-09-11,70451.8359375,54023437495944.84
2024-09-12,70254.6484375,53872231406856.09
2024-09-13,70174.25,53810580778377.0
2024-09-16,69554.6953125,53335497716451.28
2024-09-17,70751.0078125,54252846607496.53
2024-09-18,70494.625,54056248738018.5
2024-09-19,73483.796875,56348386874730.19
2024-09-20,73573.7890625,56417394122757.66
2024-09-23,73615.5859375,56449444541799.84
2024-09-25,78269.4296875,60018075984805.22
2024-09-26,83489.6328125,64020999591931.03
2024-09-27,84390.171875,64711545340075.69
2024-09-30,83891.609375,64329240752861.44
2024-10-01,84737.140625,64977605753253.56
2024-10-02,87660.1171875,67218984413227.97
2024-10-03,87431.9375,67044013088187.75
2024-10-04,86611.796875,66415117968522.19
2024-10-07,88393.2578125,67781166735425.53
2024-10-08,85423.484375,65503903587588.94
2024-10-09,85552.8828125,65603128090504.03
2024-10-10,84406.5703125,64724119887658.78
2024-10-11,83977.59375,64395174755100.375
2024-10-14,84974.7265625,65159789920261.41
2024-10-15,81993.75,62873936061975.0
2024-10-16,82592.1015625,63332760275810.91
2024-10-17,81702.3671875,62650499710756.97
2024-10-18,83779.015625,64242902315621.06
2024-10-21,82829.8828125,63515094211132.03
2024-10-22,83297.4453125,63873627571662.28
2024-10-23,83529.8359375,64051827901536.84
2024-10-24,82555.703125,63304849452947.81
2024-10-25,84421.96875,64735927621477.875
2024-10-28,84758.328125,64993852619878.31
2024-10-29,86021.84375,65962733792157.375
2024-10-30,84322.96875,64660013058841.875
2024-10-31,82877.078125,63551284226353.31
2024-11-01,84319.7734375,64657562849236.59
2024-11-04,83593.6328125,64100748223387.03
2024-11-05,84682.75,64935898273371.0
2024-11-06,83037.46875,63674273965219.875
2024-11-07,82859.28125,63537637337647.125
2024-11-08,81658.3828125,62616771886606.03
2024-11-11,82062.5390625,62926684461912.66
2024-11-12,82268.9296875,63084947633923.22
2024-11-13,81872.7578125,62781157587263.53
2024-11-14,82800.2890625,63492401316303.66
2024-11-15,82155.9453125,62998309660056.28
2024-11-18,82749.296875,63453299805072.19
2024-11-19,82155.9453125,62998309660056.28
2024-11-20,82193.734375,63027286833309.94
2024-11-21,81900.15625,62802167086250.625
2024-11-22,81167.8125,62240595818771.25
2024-11-25,81753.765625,62689912740080.06
2024-11-26,82393.71875,63180637604644.875
2024-11-27,82527.90625,63283534426601.625
2024-11-28,81523.78125,62513557555825.125
2024-11-29,81353.796875,62383211197410.19
2024-12-02,85393.2890625,65480749406355.66
2024-12-03,85813.2578125,65802787224305.53
2024-12-04,86207.6484375,66105211383948.09
2024-12-05,87795.7734375,67323007492900.59
2024-12-06,88238.953125,67662843777200.81
2024-12-09,88600.3359375,67939957091898.84
2024-12-10,87385.7890625,67008625831125.66
2024-12-11,87208.0,66872294730912.0
2024-12-12,87507.5859375,67102021351287.84
2024-12-13,88855.3203125,68135482620253.78
2024-12-17,88907.1171875,68175201176935.97
2024-12-18,87473.7890625,67076105442357.66
2024-12-19,86615.828125,66418209186508.31
2024-12-20,84395.9375,64715966500683.75
2024-12-23,85817.0703125,65805710701780.78
2024-12-24,85495.8828125,65559419705956.03
2024-12-27,84937.90625,65131555597841.625
2024-12-30,83013.0,63655510990932.0
2024-12-31,83460.375,63998564298601.5
2025-01-02,82259.640625,63077824652943.56
2025-01-03,82837.40625,63520863286559.625
2025-01-06,83196.7890625,63796442973729.66
2025-01-07,74797.1953125,57355518874221.28
2025-01-08,73003.8828125,55980382166068.03
2025-01-09,73872.046875,56646102318603.19
2025-01-10,73054.8828125,56019489668032.03
2025-01-13,71275.171875,54654782825215.69
2025-01-14,71941.1328125,55165450838377.03
2025-01-15,73626.0546875,56457472123391.72
2025-01-16,73016.484375,55990045217640.94
2025-01-17,73836.4453125,56618802550458.28
2025-01-20,75322.375,57758233887169.5
2025-01-21,74228.8203125,56919681101107.78
2025-01-22,74179.6328125,56881963449091.03
2025-01-23,73995.4375,56740719948201.75
2025-01-24,75190.7734375,57657319997680.59
2025-01-27,76666.1015625,58788621910346.91
2025-01-28,77355.4765625,59317244148904.41
2025-01-29,78456.21875,60161308408894.875
2025-01-30,78051.4453125,59850922565718.28
2025-01-31,78948.3984375,60538718567631.09
2025-02-03,78030.4453125,59834819476674.28
2025-02-04,80127.5390625,61442899828572.66
2025-02-05,80126.5390625,61442133014808.66
2025-02-06,80560.515625,61774912216187.06
2025-02-07,81909.2578125,62809146289649.53
2025-02-10,82795.015625,63488357571845.06
2025-02-11,82896.0078125,63565799771276.53
2025-02-12,84412.140625,64728391279953.56
2025-02-13,85830.8671875,65816290335430.97
2025-02-14,91995.5703125,70543469542654.78
2025-02-17,94044.265625,72114437306522.06
2025-02-18,97050.53125,74419683166012.12
2025-02-19,96177.1640625,73749973185611.16
2025-02-20,97232.5234375,74559237280327.6
2025-02-21,98747.640625,75721049993775.56
2025-02-24,91171.2109375,69911339427422.34
2025-02-25,91082.2109375,69843093002426.34
2025-02-26,92695.5390625,71080215214524.66
2025-02-27,92099.9609375,70623517710737.34
2025-02-28,88669.125,67992705491836.5
2025-03-03,90495.640625,69393302813247.56
2025-03-04,91037.21875,69808592373778.875
2025-03-05,93490.8984375,71690107730601.1
2025-03-06,98512.859375,75541016499746.44
2025-03-07,96470.1484375,73974637636998.1
2025-03-10,92308.953125,70783775796680.81
2025-03-11,92616.9375,71019942454527.75
2025-03-12,93216.7109375,71479856981684.34
2025-03-13,92821.1328125,71176522230697.03
2025-03-14,94307.6640625,72316414853813.16
2025-03-17,94612.6484375,72550281070368.1
2025-03-18,96235.3671875,73794604142968.97
2025-03-19,97720.296875,74933268665916.19
2025-03-20,92777.1328125,71142782425081.03
2025-03-24,93534.6953125,71723691777171.28
2025-03-25,92745.1328125,71118244384633.03
2025-03-26,92940.3203125,71267916846193.78
2025-03-27,94531.2421875,72487857637392.47
2025-03-28,92022.171875,70563867986923.69
2025-03-31,90355.6484375,69285954877020.09
2025-04-01,92084.359375,70611554217872.44
2025-04-02,93700.0859375,71850515584857.84
2025-04-03,92459.546875,70899253156953.19
2025-04-04,88302.953125,67711919858096.81
2025-04-07,86315.84375,66188177038773.375
2025-04-08,86453.0390625,66293380292754.66
2025-04-09,84929.109375,65124810033011.44
2025-04-10,86656.625,66449492791786.5
2025-04-11,85741.8671875,65748043910434.97
2025-04-14,89838.46875,68889374374183.875
2025-04-15,89779.6796875,68844294111886.22
2025-04-16,89212.703125,68409528679895.81
2025-04-17,90175.65625,69147934390232.625
2025-04-22,91277.8046875,69993076982078.72
2025-04-23,95458.40625,73198819802003.62
2025-04-24,95637.390625,73336067484294.56
2025-04-25,97976.8828125,75130022294440.03
2025-04-29,96695.34375,74147320502211.38
2025-04-30,97841.0859375,75025891381581.84
2025-05-02,101508.5078125,77838120953726.53
2025-05-05,100185.171875,76823368742455.69
2025-05-06,101577.109375,77890725576083.44
2025-05-07,99255.21875,76110267886330.88
2025-05-08,99627.8046875,76395971911478.72
2025-05-09,101705.8984375,77989482801861.1
2025-05-12,105852.1015625,81168848426450.9
2025-05-13,106739.2578125,81849132049769.53
2025-05-14,108794.7578125,83425317741671.53
2025-05-15,106196.6796875,81433075675474.22
2025-05-16,106640.0703125,81773073709552.78
2025-05-19,105394.921875,80818276749454.69
2025-05-20,104294.7734375,79974667785136.6
2025-05-21,105029.7421875,80538251938746.47
2025-05-22,104994.9453125,80511569216052.28
2025-05-23,103062.8359375,79030001153748.84
2025-05-26,103564.4140625,79414618163720.16
2025-05-27,104784.953125,80350544316344.81
2025-05-28,103573.8046875,79421819024222.72
2025-05-29,104924.34375,80457430966167.38
2025-05-30,103271.8203125,79190253248959.78
2025-06-02,103467.4140625,79340237228612.16
2025-06-03,103925.390625,79691419960326.56
2025-06-04,107029.640625,82071801587223.56
2025-06-05,108371.3828125,83100667964338.03
2025-06-06,107162.6328125,82173781827103.03
2025-06-09,108630.765625,83299566275108.06
2025-06-10,108270.390625,83023225764906.56
2025-06-11,108710.1640625,83360450089823.16
2025-06-12,108735.3671875,83379776192968.97
2025-06-13,106244.8828125,81470038495192.03
2025-06-17,106603.46875,81745007127643.88
2025-06-18,106886.453125,81962003441390.81
2025-06-19,104556.7578125,80175561009839.53
2025-06-20,104702.9609375,80287671578429.34
2025-06-23,108137.9921875,82921700820699.47
2025-06-24,110212.6953125,84512611733163.28
2025-06-25,110156.4921875,84469514403333.47
2025-06-26,110306.2890625,84584380708887.66
2025-06-27,110127.8984375,84447588322269.1
2025-06-30,110302.2890625,84581313453831.66
2025-07-01,109412.328125,83898879157534.31
2025-07-02,108375.1796875,83103579460348.22
2025-07-03,107653.609375,82550269413029.44
2025-07-04,107180.234375,82187278947495.94
2025-07-07,109119.5390625,83674364474460.66
2025-07-08,110527.078125,84753684800953.31
2025-07-09,109364.1328125,83861922328549.03
2025-07-10,109104.9453125,83663173786092.28
2025-07-11,110114.6953125,84437463984291.28
2025-07-14,108414.578125,83133790724503.31
2025-07-15,110902.2578125,85041377749301.53
2025-07-16,109792.109375,84190100647343.44
2025-07-17,110080.4921875,84411236557269.47
2025-07-18,111656.828125,85619992650832.31
2025-07-21,112834.1640625,86522790052559.16
2025-07-22,112094.6015625,85955683348220.9
2025-07-23,118000.3203125,90484269772033.78
2025-07-24,118126.9140625,90581343601970.16
2025-07-25,116332.3984375,89205284321007.1
2025-07-28,115016.4609375,88196205333443.34
2025-07-29,114994.4609375,88179335430635.34
2025-07-30,113340.5390625,86911085372304.66
2025-07-31,112902.9609375,86575544443229.34
2025-08-01,108572.171875,83254635781123.69
2025-08-04,111483.03125,85486722814942.12
2025-08-05,111581.0234375,85561864573081.6
2025-08-06,112226.796875,86057052533382.19
2025-08-07,112260.390625,86082812683266.56
2025-08-08,111959.0078125,85851708194408.53
2025-08-11,111684.015625,85640840400041.06
2025-08-12,112321.1953125,86129438554557.28
2025-08-13,117087.5625,89784354518210.25
2025-08-14,116189.609375,89095791702533.44
2025-08-15,116600.3828125,89410778428294.03
2025-08-18,116137.609375,89055917386805.44
2025-08-19,115731.03125,88744147684414.12
2025-08-20,114674.6796875,87934122766666.22
2025-08-21,113432.3359375,86981476479546.84
2025-08-22,116232.796875,89128908471966.19
2025-08-25,118656.4921875,90987431397333.47
2025-08-26,118260.703125,90683934896567.81
2025-08-27,115892.21875,88867748477998.88
2025-08-28,115646.4296875,88679274041833.22
2025-08-29,116167.8046875,89079071568038.72
2025-09-01,114598.0859375,87875389624929.84
2025-09-02,113077.5546875,86709425333837.72
2025-09-03,113194.546875,86799136553493.19
2025-09-04,113007.15625,86655442842998.62
2025-09-05,114477.484375,87782910686844.94
2025-09-08,114734.4765625,87979975833460.4
2025-09-09,116428.7890625,89279197978977.66
2025-09-10,115981.8125,88936450198667.25
2025-09-11,116989.765625,89709362528384.06
2025-09-12,117463.546875,90072664512009.19
2025-09-15,117838.125,90359896173952.5
2025-09-16,117702.328125,90255765261094.31
2025-09-17,120662.1875,92525426169348.75
2025-09-18,122459.5,93903630132558.0
2025-09-19,121394.15625,93086709881666.62
2025-09-22,120194.2109375,92166575299994.34
2025-09-23,118742.28125,91053215631259.12
2025-09-25,120554.1953125,92442616273569.28
2025-09-26,121294.15625,93010028505266.62
2025-09-29,123783.8359375,94919149157592.84
2025-09-30,125087.578125,95918876611675.31
2025-10-01,126355.9140625,96891454065926.16
2025-10-02,127978.8359375,98135932897572.84
2025-10-03,130560.7109375,100115750184500.34
2025-10-06,128321.8203125,98398938037159.78
2025-10-07,127264.8671875,97588451833006.97
2025-10-08,127712.8515625,97931972417813.9
2025-10-09,125925.9375,96561742119603.75
2025-10-10,123091.0703125,94387926941116.78
2025-10-13,121138.1640625,92890411548815.16
2025-10-14,120519.1953125,92415777791829.28
2025-10-15,120666.1875,92528493424404.75
2025-10-16,118866.2734375,91148294547262.6
2025-10-17,118315.3046875,90725804126228.72
2025-10-20,119657.234375,91754814280923.94
2025-10-21,120383.203125,92311497110657.81
2025-10-22,120365.203125,92297694462905.81
2025-10-23,122246.109375,93739999264199.44
2025-10-24,123644.046875,94811956980411.19
2025-10-27,128258.8203125,98350628770027.78
2025-10-28,126073.9296875,96675224565943.22
2025-10-29,127186.875,97528646350147.5
2025-10-30,125093.9765625,95923783021618.4
2025-10-31,121997.125,93549074618428.5
2025-11-03,122394.1015625,93853481710538.9
2025-11-04,123431.0546875,94648631639411.72
2025-11-05,123311.0625,94556619978464.25
2025-11-06,125876.9375,96524168245167.75
2025-11-07,121699.140625,93320576098221.56
2025-11-10,124379.0078125,95375535143288.53
2025-11-11,122494.1015625,93930163086938.9
2025-11-12,123755.0390625,94897067317482.66
2025-11-13,127093.875,97457332670095.5
2025-11-14,121989.125,93542940108316.5
2025-11-17,121618.140625,93258464183337.56
2025-11-18,119250.2578125,91442739051173.53
2025-11-19,119444.25,91591494930657.0
2025-11-20,118237.3046875,90665992652636.72
2025-11-21,116099.40625,89026622704727.62
2025-11-24,115587.4296875,88634032029757.22
2025-11-25,113175.546875,86784567091977.19
2025-11-26,113574.53125,87090513802348.12
2025-11-27,109994.703125,84345452323343.81
2025-11-28,107000.84375,82049719747113.38
2025-12-01,109094.7421875,83655349889406.47
2025-12-02,105437.921875,80851249741306.69
2025-12-03,104365.0,80028518479860.0
2025-12-04,105731.0,81075986081484.0
2025-12-05,106400.0,81588984489600.0
2025-12-08,103938.0,79701089002632.0
2025-12-09,103680.0,79503251051520.0
2025-12-10,105939.0,81235483344396.0
2025-12-11,108560.0,83245302219840.0
2025-12-12,110200.0,84502876792800.0
2025-12-15,108050.0,82854227200200.0
2025-12-17,108200.0,82969249264800.0
2025-12-18,108822.0,83446207426008.0
2025-12-19,113238.0,86832457007832.0
2025-12-22,111322.0,85363241836008.0
2025-12-23,112000.0,85883141568000.0
2025-12-24,112019.0,85897711029516.0
2025-12-29,111931.0,85830231418284.0
2025-12-30,111943.0,85839433183452.0
2025-12-31,110451.0,84695347047564.0
2026-01-02,111177.0,85252053840228.0
2026-01-05,111127.0,85213713152028.0
2026-01-06,113656.0,87152985161184.0
2026-01-07,113709.0,87193626290676.0
2026-01-08,111876.0,85788056661264.0
2026-01-09,110435.0,84683078027340.0
2026-01-12,112782.0,86482789931448.0
2026-01-13,114484.0,87787906957776.0
2026-01-14,114417.0,87736530435588.0
2026-01-15,110375.0,84637069201500.0
2026-01-16,109033.0,83608005130212.0
2026-01-19,106868.0,81947853331152.0
2026-01-20,103858.0,79639743901512.0
2026-01-21,101661.0,77955054062004.0
2026-01-22,102917.0,78918172149588.0
2026-01-23,102304.0,78448115312256.0
2026-01-26,101012.0,77457391929168.0
2026-01-27,103797.0,79592968261908.0
2026-01-28,103183.0,79122144610812.0
2026-01-29,102210.0,78376034818440.0
2026-01-30,99150.0,76029584700600.0
2026-02-02,99000.0,75914562636000.0
2026-02-03,97219.0,74548867322316.0
2026-02-04,93680.0,71835113411520.0
2026-02-05,94166.0,72207784900824.0
2026-02-06,95719.0,73398646676316.0
2026-02-09,95382.0,73140230437848.0
2026-02-10,92750.0,71121976611000.0
2026-02-11,90580.0,69457990743120.0
2026-02-12,90609.0,69480228342276.0
2026-02-13,89120.0,68338442647680.0
2026-02-16,89692.0,68777060120688.0
2026-02-17,89203.0,68402088190092.0
2026-02-18,91555.0,70205634163020.0
2026-02-19,90500.0,69396645642000.0
2026-02-20,89917.0,68949593217588.0
2026-02-23,91475.0,70144289061900.0
2026-02-24,90341.0,69274722253524.0
2026-02-25,90883.0,69690335313612.0
2026-02-26,88694.0,68011779984216.0
2026-02-27,88528.0,67884488899392.0
2026-03-02,86521.0,66345493675044.0
2026-03-03,84438.0,64748220604632.0
2026-03-04,85777.0,65774984234628.0
